{
  "accuracy": 0.9874,
  "precision": 0.9947218838814454,
  "recall": 0.98,
  "auc": 0.99941968
}