{
  "accuracy": 0.6314,
  "precision": 0.640926640926641,
  "recall": 0.5976,
  "auc": 0.68118536
}