{
  "accuracy": 0.5582,
  "precision": 0.5555555555555556,
  "recall": 0.582,
  "auc": 0.58821736
}