{
  "accuracy": 0.6,
  "precision": 0.5703828828828829,
  "recall": 0.8104,
  "auc": 0.6698388
}