{
  "accuracy": 0.757,
  "precision": 0.738051130048166,
  "recall": 0.7968,
  "auc": 0.8458329600000001
}